Industry,avg_rs_3m,avg_rs_6m,avg_daily_score,avg_weekly_score,avg_combined_score,stock_count,actionable_daily,actionable_weekly,strong_combined,rs_score,rs_rank,current_rank
Electronic Components,28.157142857142855,74.39571428571428,33.94428571428572,41.027142857142856,37.13142857142857,7,0,1,0,51.27642857142857,98.21428571428571,1
Healthcare,8.7525,10.688749999999999,25.52,46.893750000000004,35.13875,8,0,2,0,9.720624999999998,60.71428571428571,2
Marine Shipping,15.08,29.557142857142857,34.27,35.699999999999996,34.91571428571429,7,0,1,0,22.318571428571428,87.5,3
Metal Fabrication,19.06923076923077,43.60153846153845,26.32384615384615,41.363076923076925,33.09307692307692,13,0,2,0,31.335384615384612,94.64285714285714,4
Drug Manufacturers - Specialty & Generic,9.041458333333333,37.45166666666667,26.474999999999998,35.141041666666666,30.374791666666667,48,0,11,0,23.2465625,89.28571428571429,5
Farm & Heavy Construction Machinery,5.336666666666667,4.626666666666666,19.465,42.294999999999995,29.73833333333333,6,0,2,0,4.9816666666666665,46.42857142857143,6
Steel,12.01184210526316,22.742894736842107,24.26684210526316,36.39052631578947,29.723157894736843,38,0,6,0,17.377368421052633,78.57142857142857,7
Oil & Gas Refining & Marketing,9.378888888888888,23.832222222222224,22.54,37.43,29.240000000000002,9,0,2,0,16.605555555555554,75.0,8
Electrical Equipment & Parts,16.2392,41.023999999999994,23.511599999999998,32.9848,27.775199999999998,25,0,2,0,28.6316,92.85714285714286,9
Tools & Accessories,7.606,8.852,19.694,35.846000000000004,26.964,5,0,1,0,8.229,55.35714285714286,10
Diagnostics & Research,9.518333333333333,32.85333333333333,25.209999999999997,28.599999999999998,26.736666666666668,6,0,0,0,21.18583333333333,83.92857142857143,11
Specialty Industrial Machinery,13.199166666666667,40.84888888888889,22.205277777777777,30.537499999999998,25.954444444444444,36,0,4,0,27.024027777777775,91.07142857142857,12
Specialty Chemicals,8.691176470588236,28.481372549019607,20.416666666666668,30.813725490196077,25.095686274509802,51,0,6,0,18.58627450980392,80.35714285714286,13
Communication Equipment,14.048333333333332,98.48,28.39,19.963333333333335,24.598333333333333,6,0,0,0,56.26416666666667,100.0,14
Aerospace & Defense,9.434166666666668,29.789166666666663,14.033333333333333,37.43583333333333,24.565833333333334,12,0,2,0,19.611666666666665,82.14285714285714,15
Chemicals,5.8759999999999994,17.80666666666667,17.776666666666667,31.906,24.134666666666664,15,0,2,0,11.841333333333335,67.85714285714286,16
Capital Markets,-4.831,5.008999999999999,21.328,26.577999999999996,23.69,10,0,1,0,0.08899999999999908,25.0,17
Auto Parts,8.343200000000001,18.3302,16.577,31.7004,23.382599999999996,50,0,2,0,13.3367,73.21428571428571,18
Drug Manufacturers - General,5.117142857142857,20.861428571428572,17.917142857142856,29.58857142857143,23.169999999999998,7,0,0,0,12.989285714285714,71.42857142857143,19
Biotechnology,1.42625,18.14375,16.47625,30.1925,22.6475,8,0,0,0,9.785,62.5,20
Communication Services,10.146666666666667,14.488,12.936,34.26199999999999,22.534,15,0,2,0,12.317333333333334,69.64285714285714,21
Utilities - Renewable,-5.615555555555556,2.5088888888888894,16.44222222222222,29.824444444444445,22.465555555555554,9,0,0,0,-1.5533333333333332,14.285714285714285,22
Consumer Cyclical,5.688536585365854,12.128048780487806,13.830243902439024,33.01731707317073,22.46439024390244,41,0,2,0,8.90829268292683,58.92857142857143,23
Technology,15.046666666666667,71.04666666666667,22.316666666666666,22.14833333333333,22.241666666666664,6,0,0,0,43.04666666666667,96.42857142857143,24
Banks - Regional,2.700967741935484,8.214516129032258,12.692258064516128,33.774193548387096,22.179354838709678,31,0,2,0,5.457741935483871,48.214285714285715,25
Textile Manufacturing,8.62076923076923,33.75615384615384,21.400769230769228,22.966923076923077,22.106153846153845,13,0,1,0,21.18846153846154,85.71428571428571,26
Basic Materials,2.242142857142857,-2.275714285714286,12.292142857142858,33.14357142857143,21.673571428571428,14,0,1,0,-0.016785714285714404,23.214285714285715,27
Software - Application,1.2858333333333336,19.46,17.1175,26.962500000000002,21.546666666666667,12,0,2,0,10.372916666666667,64.28571428571429,28
Packaged Foods,5.5375000000000005,7.136666666666667,15.378333333333332,28.52125,21.2925,24,0,4,0,6.337083333333334,53.57142857142857,29
Building Products & Equipment,-1.570909090909091,0.6527272727272728,10.881818181818183,33.95454545454545,21.265454545454546,11,0,1,0,-0.4590909090909091,21.428571428571427,30
Lodging,2.009,7.278999999999999,12.453,31.720999999999997,21.124000000000002,10,0,2,0,4.643999999999999,44.642857142857146,31
Software - Infrastructure,-1.9083333333333334,7.728333333333333,7.79,36.89833333333333,20.89,6,0,1,0,2.9099999999999997,35.714285714285715,32
Financial Services,-1.413076923076923,-1.3392307692307694,12.866153846153848,28.50153846153846,19.902307692307694,13,0,3,0,-1.376153846153846,16.071428571428573,33
Conglomerates,0.9372222222222223,6.105555555555557,12.15611111111111,27.337222222222223,18.988333333333333,18,0,2,0,3.5213888888888896,42.857142857142854,34
Credit Services,-2.291612903225807,8.408387096774195,9.061612903225807,31.06935483870968,18.96548387096774,31,0,0,0,3.058387096774194,37.5,35
Apparel Manufacturing,0.20300000000000046,2.021,10.218,29.393,18.846,10,0,0,0,1.112,30.357142857142854,36
Medical Care Facilities,-5.13,2.7576923076923077,11.485384615384616,27.799230769230768,18.826923076923077,13,0,0,0,-1.1861538461538461,17.857142857142858,37
Auto Manufacturers,6.6883333333333335,5.136666666666666,9.721666666666666,29.573333333333334,18.654999999999998,12,0,1,0,5.9125,51.78571428571429,38
Asset Management,-0.8873333333333335,7.406,9.561333333333332,29.368,18.476,15,0,0,0,3.259333333333333,39.285714285714285,39
Mortgage Finance,-8.592,-1.3279999999999998,8.007,30.287,18.032,10,0,0,0,-4.96,7.142857142857142,40
Industrials,-1.5165217391304346,2.9369565217391305,10.13,27.63173913043478,18.00565217391304,23,0,1,0,0.7102173913043479,28.57142857142857,41
Consumer Defensive,0.12842105263157894,3.3684210526315796,14.28105263157895,22.26684210526316,17.87578947368421,19,0,0,0,1.7484210526315793,32.142857142857146,42
Real Estate Services,-1.8999999999999995,2.6950000000000003,7.27,30.095,17.54,2,0,0,0,0.3975000000000004,26.785714285714285,43
Engineering & Construction,-5.026285714285714,3.3420000000000005,12.670571428571428,22.999714285714287,17.319142857142857,35,1,1,0,-0.8421428571428566,19.642857142857142,44
Energy,6.554444444444444,14.203333333333333,16.47,17.964444444444446,17.14,9,0,0,0,10.378888888888888,66.07142857142857,45
Real Estate,-1.2110714285714284,8.100714285714286,8.439642857142857,26.054642857142856,16.367142857142856,28,0,2,0,3.4448214285714287,41.07142857142857,46
Telecom Services,-6.518571428571429,-5.26,3.472857142857143,31.84,16.237142857142857,7,0,0,0,-5.889285714285714,5.357142857142857,47
Luxury Goods,7.0329999999999995,26.556,12.800999999999998,18.765,15.485999999999999,10,0,0,0,16.7945,76.78571428571429,48
Household & Personal Products,-1.9658333333333324,18.97,9.245833333333332,22.674999999999997,15.289166666666667,12,0,0,0,8.502083333333333,57.14285714285714,49
Building Materials,-5.98375,-11.320625,3.976875,29.030624999999997,15.251875,16,0,0,0,-8.6521875,3.571428571428571,50
Information Technology Services,5.9425,5.097916666666666,6.024583333333333,25.481666666666666,14.78,24,0,1,0,5.520208333333333,50.0,51
Utilities,-4.818571428571429,-2.442857142857143,9.805714285714286,19.804285714285715,14.304999999999998,14,0,1,0,-3.6307142857142862,10.714285714285714,52
"Furnishings, Fixtures & Appliances",-0.08176470588235263,4.5329411764705885,6.104705882352941,22.92705882352941,13.674117647058823,17,0,1,0,2.225588235294118,33.92857142857143,53
Agricultural Inputs,-3.5404999999999993,-3.5469999999999997,7.303,17.038,11.684000000000001,20,0,1,0,-3.5437499999999993,12.5,54
Solar,-20.07,-9.693999999999999,0.0,23.16,10.422,5,0,0,0,-14.882,1.7857142857142856,55
Insurance - Life,-4.4875,-2.9975000000000005,2.8325,18.9075,10.06625,8,0,0,0,-3.7425,8.928571428571429,56
