Industry,avg_rs_3m,avg_rs_6m,avg_daily_score,avg_weekly_score,avg_combined_score,stock_count,actionable_daily,actionable_weekly,strong_combined,rs_score,rs_rank,current_rank,prev_rank,prev_avg_combined_score,prev_rs_rank,prev_strong_combined,prev_actionable_daily,prev_actionable_weekly,rank_change,combined_score_change,strong_combined_change,actionable_daily_change,actionable_weekly_change,new_cluster
Electronic Components,29.244285714285716,65.26571428571428,30.03857142857143,35.56142857142857,32.52428571428571,7,0,1,0,47.254999999999995,98.21428571428571,1,1,38.355714285714285,98.21428571428572,0,0,1,0,-5.83,0,0,0,False
Oil & Gas Refining & Marketing,13.516666666666667,24.581111111111113,24.374444444444446,37.57111111111111,30.313333333333333,9,0,2,0,19.04888888888889,82.14285714285714,2,4,30.89,82.14285714285714,0,0,2,2,-0.58,0,0,0,False
Healthcare,8.8175,12.98375,21.435000000000002,41.115,30.29125,8,0,2,0,10.900625000000002,64.28571428571429,3,3,31.1175,57.14285714285714,0,0,2,0,-0.83,0,0,0,False
Marine Shipping,16.66142857142857,26.572857142857142,29.054285714285715,31.705714285714286,30.245714285714286,7,0,0,0,21.617142857142856,87.5,4,5,30.52285714285714,87.5,0,0,1,1,-0.28,0,0,-1,False
Metal Fabrication,17.092307692307692,39.33307692307692,19.983846153846155,38.15846153846154,28.162307692307692,13,0,1,0,28.212692307692308,94.64285714285714,5,2,31.44076923076923,94.64285714285714,0,0,2,-3,-3.28,0,0,-1,False
Farm & Heavy Construction Machinery,3.853333333333333,5.135,17.29,37.75,26.496666666666666,6,0,1,0,4.494166666666667,44.642857142857146,6,6,29.645,46.42857142857143,0,0,2,0,-3.15,0,0,-1,False
Drug Manufacturers - Specialty & Generic,8.596666666666668,36.836875,21.035,32.463125,26.1775,48,0,7,0,22.716770833333335,89.28571428571429,7,7,29.454375,89.28571428571429,0,0,8,0,-3.28,0,0,-1,False
Steel,11.335526315789474,19.097631578947368,21.360526315789475,31.778684210526315,26.049473684210525,38,0,4,0,15.216578947368422,75.0,8,8,29.087894736842102,76.78571428571429,0,0,8,0,-3.04,0,0,-4,False
Electrical Equipment & Parts,14.376799999999998,32.8624,20.4104,30.946399999999997,25.151999999999997,25,0,2,0,23.6196,91.07142857142857,9,10,26.1224,92.85714285714286,0,0,2,1,-0.97,0,0,0,False
Chemicals,8.000000000000002,17.41933333333333,17.509999999999998,33.01933333333333,24.488666666666667,15,0,2,0,12.709666666666667,69.64285714285714,10,12,25.534666666666663,69.64285714285714,0,0,3,2,-1.05,0,0,-1,False
Technology,10.424999999999999,54.97333333333333,21.938333333333333,27.41,24.401666666666667,6,0,0,0,32.69916666666666,96.42857142857143,11,25,22.01,96.42857142857144,0,0,0,14,2.39,0,0,0,False
Communication Equipment,16.89,92.15499999999999,27.061666666666667,19.921666666666667,23.848333333333333,6,0,0,0,54.522499999999994,100.0,12,18,23.53333333333333,100.0,0,0,0,6,0.32,0,0,0,False
Auto Parts,9.527,20.1134,15.129000000000001,32.8396,23.0988,50,0,2,0,14.8202,73.21428571428571,13,16,24.2512,73.21428571428571,0,0,2,3,-1.15,0,0,0,False
Specialty Industrial Machinery,13.371666666666666,35.1325,19.661388888888887,26.849166666666665,22.895833333333332,36,0,2,0,24.25208333333333,92.85714285714286,14,9,26.334444444444443,91.07142857142856,0,0,3,-5,-3.44,0,0,-1,False
Consumer Cyclical,6.463170731707318,13.355609756097563,13.153658536585365,34.521707317073165,22.76951219512195,41,0,2,0,9.90939024390244,57.14285714285714,15,17,23.77365853658537,58.92857142857143,0,0,3,2,-1.0,0,0,-1,False
Specialty Chemicals,8.509803921568627,26.863725490196078,17.071176470588235,28.740588235294116,22.32313725490196,51,0,3,0,17.686764705882354,80.35714285714286,16,13,24.624313725490197,80.35714285714286,0,0,5,-3,-2.3,0,0,-2,False
Tools & Accessories,6.238,4.0600000000000005,16.564,29.224,22.262,5,0,1,0,5.149000000000001,46.42857142857143,17,11,26.034,51.78571428571429,0,0,1,-6,-3.77,0,0,0,False
Capital Markets,-2.978,4.766999999999999,18.486,26.484999999999996,22.085,10,0,1,0,0.8944999999999992,28.57142857142857,18,19,23.443,28.57142857142857,0,0,1,1,-1.36,0,0,0,False
Banks - Regional,5.32516129032258,11.386129032258063,12.499677419354839,32.91935483870968,21.688709677419357,31,0,2,0,8.355645161290322,53.57142857142857,19,22,22.471290322580646,50.0,0,0,2,3,-0.78,0,0,0,False
Mortgage Finance,-5.18,2.023,12.349,33.04,21.660999999999998,10,0,1,0,-1.5784999999999998,16.071428571428573,20,37,18.919,7.142857142857142,0,0,1,17,2.74,0,0,0,False
Aerospace & Defense,8.513333333333334,23.676666666666666,12.5175,32.52583333333333,21.522499999999997,12,0,1,0,16.095,76.78571428571429,21,14,24.410833333333333,78.57142857142857,0,0,2,-7,-2.89,0,0,-1,False
Packaged Foods,7.896249999999999,9.407083333333333,15.04625,28.632499999999997,21.160833333333333,24,0,3,0,8.651666666666666,55.35714285714286,22,21,22.60166666666667,55.35714285714286,0,0,4,-1,-1.44,0,0,-1,False
Lodging,2.944,8.553,12.378,30.312,20.449,10,0,1,0,5.7485,50.0,23,26,22.0,48.21428571428572,0,0,2,3,-1.55,0,0,-1,False
Textile Manufacturing,7.422307692307693,32.956923076923076,18.933846153846154,22.284615384615385,20.441538461538464,13,0,1,0,20.189615384615383,83.92857142857143,24,23,22.43769230769231,83.92857142857143,0,0,1,-1,-2.0,0,0,0,False
Biotechnology,1.1862500000000005,19.0775,11.952499999999999,29.52375,19.86125,8,0,0,0,10.131875,60.71428571428571,25,28,21.225,60.71428571428571,0,0,0,3,-1.36,0,0,0,False
Software - Application,1.0183333333333333,18.839166666666667,15.286666666666667,25.209999999999997,19.751666666666665,12,0,1,0,9.92875,58.92857142857143,26,29,21.015833333333333,64.28571428571429,0,0,2,3,-1.26,0,0,-1,False
Communication Services,6.5793333333333335,15.696,10.332666666666665,30.780666666666665,19.53533333333333,15,0,1,0,11.137666666666666,67.85714285714286,27,27,21.70733333333333,67.85714285714286,0,0,1,0,-2.17,0,0,0,False
Software - Infrastructure,-4.01,6.445,4.756666666666667,36.79333333333333,19.175,6,0,1,0,1.2175000000000002,30.357142857142854,28,31,20.915,32.142857142857146,0,0,1,3,-1.74,0,0,0,False
Financial Services,0.019230769230769044,1.1869230769230767,11.391538461538461,28.166153846153847,18.941538461538464,13,0,2,0,0.6030769230769228,26.785714285714285,29,32,20.42,19.642857142857142,0,0,3,3,-1.48,0,0,-1,False
Energy,7.421111111111112,13.66888888888889,16.086666666666666,22.314444444444444,18.89,9,0,0,0,10.545000000000002,62.5,30,40,18.20777777777778,66.07142857142857,0,0,0,10,0.68,0,0,0,False
Basic Materials,0.26785714285714307,-5.335,9.618571428571428,30.154285714285713,18.861428571428572,14,0,0,0,-2.5335714285714284,12.5,31,30,20.934285714285718,21.428571428571427,0,0,0,-1,-2.07,0,0,0,False
Drug Manufacturers - General,3.7457142857142856,18.305714285714284,12.459999999999999,26.615714285714287,18.830000000000002,7,0,0,0,11.025714285714285,66.07142857142857,32,20,22.752857142857145,71.42857142857143,0,0,0,-12,-3.92,0,0,0,False
Credit Services,-1.4148387096774195,9.036129032258065,7.634516129032257,32.111612903225804,18.649354838709677,31,0,0,0,3.810645161290323,41.07142857142857,33,33,19.56483870967742,41.07142857142857,0,0,0,0,-0.92,0,0,0,False
Apparel Manufacturing,-0.4860000000000001,1.1920000000000006,9.73,29.307,18.54,10,0,0,0,0.35300000000000026,25.0,34,36,18.95,26.785714285714285,0,0,0,2,-0.41,0,0,0,False
Asset Management,0.23999999999999996,8.122000000000002,9.654666666666666,28.31,18.050666666666665,15,0,0,0,4.181000000000001,42.857142857142854,35,34,19.252,37.5,0,0,0,-1,-1.2,0,0,0,False
Auto Manufacturers,7.528333333333333,7.9875,8.153333333333334,29.689999999999998,17.845,12,0,1,0,7.757916666666667,51.78571428571429,36,38,18.746666666666663,53.57142857142857,0,0,1,2,-0.9,0,0,0,False
Real Estate Services,-5.210000000000001,2.0600000000000005,7.175,29.845,17.375,2,0,0,0,-1.5750000000000002,17.857142857142858,37,45,17.04,16.071428571428573,0,0,0,8,0.34,0,0,0,False
Conglomerates,0.9561111111111111,5.336111111111111,8.872777777777777,27.28722222222222,17.159444444444446,18,0,2,0,3.1461111111111113,39.285714285714285,38,39,18.715,42.85714285714285,0,0,2,1,-1.56,0,0,0,False
Utilities - Renewable,-6.483333333333333,-0.635555555555555,13.627777777777778,20.799999999999997,16.85666666666667,9,0,0,0,-3.559444444444444,8.928571428571429,39,24,22.376666666666665,14.285714285714285,0,0,0,-15,-5.52,0,0,0,False
Industrials,-0.6726086956521735,3.292173913043478,8.925652173913043,26.418695652173913,16.797826086956523,23,0,0,0,1.3097826086956523,32.142857142857146,40,42,17.76,30.35714285714285,0,0,0,2,-0.96,0,0,0,False
Engineering & Construction,-4.175714285714286,1.3548571428571428,12.533142857142858,21.972571428571428,16.781142857142857,35,0,1,0,-1.4104285714285716,19.642857142857142,41,43,17.492,23.214285714285715,0,1,1,2,-0.71,0,-1,0,False
Medical Care Facilities,-4.837692307692308,4.827692307692308,10.451538461538462,24.26153846153846,16.666153846153847,13,0,0,0,-0.004999999999999893,21.428571428571427,42,41,18.10153846153846,17.857142857142858,0,0,0,-1,-1.44,0,0,0,False
Building Products & Equipment,-1.508181818181818,2.1881818181818184,5.4354545454545455,29.54090909090909,16.283636363636365,11,0,0,0,0.3400000000000002,23.214285714285715,43,35,19.207272727272727,25.0,0,0,1,-8,-2.92,0,0,-1,False
Consumer Defensive,1.1326315789473684,4.38578947368421,11.75,21.495263157894737,16.13578947368421,19,0,0,0,2.759210526315789,37.5,44,44,17.30578947368421,39.285714285714285,0,0,0,0,-1.17,0,0,0,False
Real Estate,-3.051428571428571,7.6832142857142856,6.099285714285714,28.051785714285717,15.978571428571428,28,0,1,0,2.315892857142857,35.714285714285715,45,51,14.463928571428571,33.92857142857143,0,0,1,6,1.51,0,0,0,False
Telecom Services,-4.454285714285715,-2.3414285714285716,2.64,32.10285714285714,15.897142857142857,7,0,0,0,-3.397857142857143,10.714285714285714,46,46,16.647142857142857,5.357142857142857,0,0,0,0,-0.75,0,0,0,False
Diagnostics & Research,8.478333333333333,32.074999999999996,11.233333333333334,21.439999999999998,15.826666666666666,6,0,0,0,20.276666666666664,85.71428571428571,47,15,24.368333333333336,85.71428571428571,0,0,0,-32,-8.54,0,0,0,False
Building Materials,-5.585,-8.928125,4.17625,29.1175,15.400625,16,0,0,0,-7.256562499999999,3.571428571428571,48,48,15.275,3.571428571428571,0,0,0,0,0.13,0,0,0,False
Household & Personal Products,2.528333333333333,24.685000000000002,8.801666666666668,22.206666666666667,14.835,12,0,0,0,13.606666666666667,71.42857142857143,49,50,14.793333333333337,62.5,0,0,0,1,0.04,0,0,0,False
Information Technology Services,4.75125,5.7250000000000005,6.479583333333333,24.357916666666668,14.525416666666667,24,0,1,0,5.238125,48.214285714285715,50,49,15.112083333333333,44.642857142857146,0,0,1,-1,-0.59,0,0,0,False
Luxury Goods,6.774000000000001,28.080000000000002,10.528,17.875999999999998,13.834999999999999,10,0,0,0,17.427,78.57142857142857,51,47,16.049,75.0,0,0,0,-4,-2.21,0,0,0,False
"Furnishings, Fixtures & Appliances",-2.069411764705882,5.397058823529412,5.609411764705882,22.75941176470588,13.326470588235296,17,0,1,0,1.6638235294117651,33.92857142857143,52,53,13.584117647058823,35.714285714285715,0,0,1,1,-0.26,0,0,0,False
Utilities,-4.922142857142857,-3.7621428571428575,7.765,17.900714285714283,12.325714285714286,14,0,0,0,-4.342142857142857,5.357142857142857,53,52,13.847142857142856,12.5,0,0,1,-1,-1.52,0,0,-1,False
Agricultural Inputs,-3.7199999999999998,-3.4964999999999997,6.4125,17.209,11.272,20,0,0,0,-3.60825,7.142857142857142,54,54,11.8925,10.714285714285714,0,0,1,0,-0.62,0,0,-1,False
Solar,-18.991999999999997,-12.05,0.0,23.16,10.422,5,0,0,0,-15.520999999999999,1.7857142857142856,55,55,10.422,1.7857142857142856,0,0,0,0,0.0,0,0,0,False
Insurance - Life,-3.40375,-0.41999999999999993,1.4925000000000002,18.947499999999998,9.348749999999999,8,0,0,0,-1.911875,14.285714285714285,56,56,9.4175,8.928571428571429,0,0,0,0,-0.07,0,0,0,False
